{
  "bos_token": {
    "content": "<|begin_of_text|>",
    "lstrip": false,
    "normalized": false,
    "rstrip": false,
    "single_word": false
  },
  "eos_token": {
    "content": "<|end_of_text|>",
    "lstrip": false,
    "normalized": false,
    "rstrip": false,
    "single_word": false
  },
  "pad_token": {
    "content": "<pad>",
    "lstrip": false,
    "normalized": false,
    "rstrip": false,
    "single_word": false
  },
  "unk_token": {
    "content": "<unk>",
    "lstrip": false,
    "normalized": false,
    "rstrip": false,
    "single_word": false
  }
}
